post_id,full_text,summary,rating,tweetId,noteId
1.7638e+18,"Ramanujan: It came to me in my dream.

The dream: https://t.co/LYO12SYPNh","The formulas (1) and (4) (which are actually the same) are not from Ramanujan, but from Euler.    https://en.wikipedia.org/wiki/E_(mathematical_constant)#History:~:text=Euler%20proved%20that%20e%20is%20the%20sum%20of%20the%20infinite%20series    https://en.wikipedia.org/wiki/Leonhard_Euler#Analysis",A,,
1.93984e+18,what. what. what do you mean. https://t.co/misD7GMXNY,"The above post is a joke, showing a fabricated screenshot. Aaron Keller has not posted any news regarding the possibility of new PVE content.    https://x.com/aaronkellerow?s=21&amp;t=s8_6wTnxgurRlPN9KjixYg",A,,
1.75164e+18,"@RealAlexJones From The Beginning InfoWars Reported On Covid HIV

https://t.co/3TFBvNWGda","No vaccine, including the Covid vaccines, cause AIDS.    AIDS is caused by the HIV virus.    https://www.ihv.org/news/2021-archives/correio-braziliense-its-obvious-that-no-vaccine-causes-aids-says-one-of-the-virologists-who-discovered-hiv.html  https://theferret.scot/claim-covid-19-vaccine-giving-people-aids-is-false/  https://www.covid19infovaccines.com/en-posts/can-covid-19-vaccines-cause-aids",R,,
1.77757e+18,"This one community noter on a power trip is causing 90% of the issues with Community notes.

@rt7683 needs to be reported and removed from the Community Notes program.","Community notes are not captured by one person. Contributors can leave notes on any post and if enough contributors from different points of view rate that note as helpful, the note will be published. They require ratings from those with different perspectives    https://help.twitter.com/en/using-x/community-notes#:~:text=Community%20Notes%20aim%20to%20create,publicly%20shown%20on%20a%20post.  https://communitynotes.twitter.com/guide/en/contributing/diversity-of-perspectives",R,,
1.69836e+18,"I‚Äôve said since day 1 that I believe we revisit 2019 pricing and that‚Äôs the low. 

What if my target is way off?!? What if we see lower?!! ü§î

Thoughts? https://t.co/XWRZMaL3CN",The quoted image is from an Aug 2017 blog https://www.shuswaphomes.com/shuswap-real-estate-blog/,R,,
1.97166e+18,"Yikes: The Steelers have gone viral for not flying their players first class for their international game in Ireland.

Most NFL teams make sure their players sit in business or first class.

Especially for international flights... https://t.co/dxWQ7nITA3","This is a chartered flight featuring only the Pittsburgh Steelers and their staff, not a commercial international flight. Watch the below video for proof:    https://www.instagram.com/reel/DPEbVmTCJNl/?igsh=MWJmaGx3aTZ0ZHU4OQ==",A,,
1.83111e+18,@RpsAgainstTrump 1999 Political ad for John McCain can you spot the place? https://t.co/DeWREtmmzZ,John McCain did not use a picture in Sec 60 nor made visable any soldier‚Äôs headstone in Arlington.   A Google search produced no proof that McCain used any pic in ANC in his campaign.   https://ballotpedia.org/Bipartisan_Campaign_Reform_Act,R,,
1.90741e+18,"JUST IN: Democrats Hakeem Jeffries, Chuck Schumer, and the DNC have filed a lawsuit against President Trump to stop his executive order banning non-citizens from voting in U.S. elections.

Now, why would they do that? https://t.co/3Yn6BmQmmh","Introduction, p1-3  In the United States of America, the president does not get to dictate the rules of our elections.    Section B (proof of citizenship) p26-28   Filing doesn‚Äôt argue for non-citizens to vote. Addresses attempts at voter suppression.    Court filing:  https://t.co/5qNRgYBRYC    EO:  https://www.whitehouse.gov/presidential-actions/2025/03/preserving-and-protecting-the-integrity-of-american-elections/",R,,
1.67343e+18,Fanaticism is always a function of repressed doubt ‚Äì Dune,This is not a quote from the book &quot;Dune&quot; but from the psychologist Carl Jung.     The actual quote is &quot;Fanaticism is always a sign of repressed doubt&quot;     https://carljungdepthpsychology.blogspot.com/2017/12/carl-jung-fanaticism-is-ever-brother-of.html?m=1,R,,
1.9177e+18,Trump: Grocery prices are down. Gasoline prices are down. We had some gasoline selling for 1.98 just recently in different states over the last two days. https://t.co/GPjRAFa0JQ,"All 3 claims are untrue.    1. The national average for regular gas was $3.11/gal when Trump was inaugurated &amp; is now $3.14/gal.    2. GasBuddy, a company that tracks gas prices, shows the lowest price at $2.19/gal.    3. CPI shows food prices for March were up 0.49% from February.    https://www.cbsnews.com/news/trump-grocery-prices-gas-consumers-fact-check/",A,,
1.82971e+18,saving him for later at peak freshness https://t.co/zqTp3qhIf5,That cat is NOT in the bag.    https://x.com/KGarriguesArt/status/1830019396820951470,A,,
1.9369e+18,"In case you‚Äôre confused the next step is-

After Iran has launched such an evil and violent ‚Äúunprovoked‚Äù attack on US military personnel we have no choice but to put boots on the ground.

Give it a month or two. Probably less.","Ian Carroll predicts US troops in Iran after an &quot;unprovoked&quot; attack, but no such event is reported as of 03:28 AM EDT, 6/24/25. Recent Israel-Iran missile exchanges occurred. Historical data shows 70% troop deployment chance post-provocation (Int'l Security, 2006). Speculative. https://reuters.com",R,,
1.76835e+18,Already testing the Windows 11 build. The video shows an updated sync screen with a duration forecast and detailed info about consumed resources to suggest which hardware upgrades can help. Recorded on a high-end Windows laptop with 1 Gbps Internet. Full sync takes just 9 min. https://t.co/352c4eQCxm,"&quot;Full sync&quot; of a blockchain node implies independently replaying and verifying every single transaction. In blockchains, each block depends on the previous one thus this is a sequential process by nature that cannot be optimized easily without compromising security.    https://www.youtube.com/live/RnshfdRwTSI?si=Jno4zvW9LOM4YnWa",A,,
1.75782e+18,@DeborahMeaden It's just the usual remoaner nonsense Debs https://t.co/wuhmbfOmyw,"This graph cites no source of information. The ONS provides graphical representations of UK trade which do not match the original post.     https://www.ons.gov.uk/economy/nationalaccounts/balanceofpayments/bulletins/uktrade/october2023#:~:text=Total%20goods%20exports%20fell%20by,%C2%A30.8%20billion%20(6.2%25)",R,,
1.97012e+18,"Jack Smith just got banned from courtrooms nationwide by the American Bar Association.

‚ÄúWe have ethical standards that he broke when he planted evidence at the illegal Mar-a-Lago raid.‚Äù

This hack has no business practicing law in America.
Justice is finally catching up with the https://t.co/pmIFYU2AmD",The American Bar Association cannot ban lawyers from courtrooms.    Consumer FAQs https://share.google/fJWVgfcHfdosrwMEZ,R,,
1.85131e+18,"Sayyed Hassan Nasrallah, most likely in early 1980s when Israel invaded Lebanon. https://t.co/yYYFY0wofC","This is not Sayyed Hassan Nasrallah, but rather his bodyguard Ali Salman.    You can see some photographs of them together in the link below.    https://english.alahednews.com.lb/50467/269",L,,
1.87143e+18,America is so fucking back https://t.co/8pOGlpZ6EO,"According to the affidavit, this American Airlines passenger yelled about ‚Äòblue-eyed white devils‚Äô and threatened to ‚Äòtake this plane down‚Äô    https://nypost.com/2024/03/22/us-news/american-airlines-passenger-in-viral-video-threatened-to-take-this-plane-down/",R,,
1.74389e+18,"üö® An agreement with Palmeiras seems imminent as Barcelona already have an agreement with Estev√£o Willian. The player likes the aspect of playing for Bar√ßa, the most, over any other European team. 

Around ‚Ç¨50M fee could be paid in instalments + variables. https://t.co/MHsSe6UAwB",Wrong. Est√™v√£o Willian has officially joined Chelsea.    https://www.chelseafc.com/en/news/article/estevao-willian-to-join-chelsea,A,,
1.94481e+18,"There‚Äôs a legal term for what the autopen people did

It‚Äôs called forgery

And it means everything signed by the autopen is invalid","At no point in time in the history of autopen being used in the United States by multiple former presidents, has it been deemed forgery or illegal. In fact, no challenges to autopen have ever surmounted to criminal malfeasance, or led to the overturning of signatures.    https://surface.syr.edu/lawpub/83/#:~:text=This%20was%20the%20rock%2Dsolid,the%20President's%20presence%20is%20unconstitutional.    https://www.nytimes.com/2011/05/28/us/politics/28sign.html#:~:text=This%20week%2C%20the%20White%20House,president's%20signature%20to%20the%20bill.%E2%80%9D  ",R,,
1.97933e+18,"Why is it that among all the K-pop idols and actors who attended the WKOREA event, only BTS members were attacked and dragged into a non-existent drama?

You‚Äôll find your answer in this video.

This video shows all the celebrities leaving the venue after the event ended ‚Äî yet you https://t.co/gqf9HfUN7w",Its a video of people leaving an event with no timestamps or clues on when the clips were taken.  There is no way to see who left when from this footage and its only meant to stir more drama.  The most controversy happened at the afterparty.    https://www.koreatimes.co.kr/southkorea/others/20251017/breast-cancer-awareness-or-celebrity-gala-w-korea-charity-event-faces-backlash,A,,
1.8548e+18,"Joe Biden immediately losing his dementia, talking perfectly and looking 10 years younger after Kamala lost the election will never not be funny to me.

Either he secretly found a dementia cure, they purposefully spiked his meds to enact a coup or he just executed the most",Sufferers of dementia or Alzheimer‚Äôs are frequently known to experience Sundowning Syndrome where cognitive faculties perform poorly at night. This press conference was at 11 am as opposed to Biden‚Äôs Presidential debate which took place at 9 pm. https://www.webmd.com/alzheimers/manage-sundowning,R,,
1.79884e+18,Meet Muhammad who‚Äôs recently arrived in the UK  https://t.co/kgEmgAx56v,The poster is one of many race baiter/ racist accounts on twitter.  The male in the video is from Germany.  https://t.co/ZOzxyLwO0u  ,R,,
1.81265e+18,"Doja Cat

- Woman
- Kiss Me More (feat. SZA)
- Need To Know
- You Right (feat. The Weeknd)
- Best Friend (with Saweetie)
- Ain't Shit
- Say So
- Freaky Deaky (with Tyga)
- Like That (feat. Gucci Mane)
- Shimmy (with Lil Wayne) https://t.co/c689rIchnK","Doja cat was not only contractually obligated to work with him on her albums, but afterwards stopped working with him and stated publicly. Her latest album has no inclusions from Dr. Luke     https://www.billboard.com/music/rb-hip-hop/doja-cat-dr-luke-songs-interview-1235011383/amp/",A,,
1.78123e+18,@visegrad24 Killers https://t.co/9arcXoGrAu,Israel did not bomb 4 countries at the same time  https://www.google.com/maps,L,,
1.88014e+18,Here is a clue to why labour don‚Äôt want an enquiry into Muslim rape gangs. https://t.co/coHyjgoylp,"A previous note stated this information was accurate in 2017, but is not in 2025.  The posts point is how did so many muslims come to be in positions of political power, which coincide with those same jurisdictions perceived decline.    https://www.telegraph.co.uk/news/2024/02/08/mass-migration-is-slowly-bankrupting-the-uk/",R,,
1.96151e+18,"IS MICAH PARSONS THE MOST OVERPAID PLAYER IN #NFL HISTORY‚Ä¶?

#Ravens pass rusher Kyle Van Noy had more sacks than Micah Parsons last season.

Van Noy: 12.5 sacks on a $4.2 million salary
Parsons: 12 sacks on a $47 million salary

This is crazy üò±üò±üò± https://t.co/740kK66HSe",Packers Linebacker Micah Parsons played in 3 less games than Kyle Van Noy in the 2024 season.    https://stathead.com//football/versus-finder.cgi?player_id2=VanNKy00&amp;year_min=2024&amp;player_id1=ParsMi00&amp;seasons_type=forall&amp;request=1&amp;utm_medium=sr_xsite&amp;utm_campaign=2023_01_wdgt_player_comparison&amp;utm_id=ParsMi00&amp;utm_source=pfr    In 7 less seasons of play Parsons has accrued only 2.5 less sacks than Van Noy    https://stathead.com//football/versus-finder.cgi?request=1&amp;player_id1=ParsMi00&amp;player_id2=VanNKy00,A,,
1.84628e+18,"Taylor Swift‚Äôs ‚ÄòThe Eras Tour‚Äô breaks the record for most-attended tour of all time, with 10.1 MILLION tickets sold. 

The record was previously held by Coldplay‚Äôs ‚ÄòMusic of the Spheres Tour‚Äô (9.6M). https://t.co/7LKzoNhrQH",The record of the most-attended tour is still held by Coldplay‚Äôs Music of the Spheres World Tour with 12 MILLION tickets sold.    https://x.com/touringdata/status/1839440103728374079?s=46&amp;t=rpcBiDbEFnSyh76yZ-qxDg,A,,
1.92812e+18,oh but an OYSTER-,"korean feminists are protesting against the objectification of female genitalia and the hypersexualisation of lesbians for the male gaze in mainstream korean media. it is @IreneBar_ sending trucks to SM, the china bar of an idol who is known to read feminist literature.    https://x.com/0502_lone/status/1923657108807090551?s=46",L,,
1.77345e+18,"BALTIMORE MAYOR SCOTT: ""[White people‚Äôs] way of life, of being comfortable while everyone else suffers is going to be at risk, and they should be afraid because that's my purpose in life.""

 https://t.co/HAVvScN4ok","The mayor is not talking about [white people] in that sentence, he is talking about racists. Listening to the whole clip shows this.    https://x.com/breaking911/status/1773448400777691374?s=46&amp;t=22gd2Cvv2KL_MtGJ62GkOA",R,,
1.73319e+18,"üíîüáµüá∏ One of the Palestinian detainees who were released this morning after their arrest yesterday by the ISRAELI army in Beit Lahiya tells QNN:

üö® The occupation soldiers stripped us naked when they arrested us in the northern Gaza Strip, put us in trucks and took us to the https://t.co/nTdYRi9lvI","When (reduced in captivity ) without all clothes but underwear, you are by definition,langage and common sense  : stripped nude and in a defensless state.   This apply to men and women  Cfr Dictionary  Www.treccani.it  ",L,,
1.79381e+18,üö®üö®üö®Update: US Military under attack in Gaza!! 3 US troops hit by mortar fire and injured in US Gaza base. One is hospitalized in Israel in critical condition!!üî•üî•üî• https://t.co/XR8p0BWryw,No evidence has been presented to prove that injuries were result of an attack against US forces.      https://news.usni.org/2024/05/23/u-s-soldier-critically-injured-during-gaza-pier-operation-2-other-service-members-hurt,R,,
1.90329e+18,Still one of the greatest graphics of all time https://t.co/ZJ5Qz1HclV,This is a fake graphic.    https://www.reuters.com/fact-check/fake-fox-business-graphic-walzs-communist-agenda-stems-satire-2024-08-14/,L,,
1.80003e+18,"Kaushambi, UP üìç

üö®Masjid has given open fatwa
- Muslims must boycott Hindu businesses
- Muslims must shut down water supply to Hindu homes
- Muslims must not allow Hindus to use water from their tube wells &amp; private resources

Shocking ‚ÄºÔ∏è

@Uppolice https://t.co/DFmZpNMsWm","Kaushambi Police after initial investigation has denied any such fatwa being issued by Muslim community, the actual issue is about outstanding payment owed by a person.    https://x.com/zoo_bear/status/1800134241063477627?t=oaqMBD33eWCQgEaOBRKXjg&amp;s=19",R,,
1.95212e+18,And now rent is cheaper there than it is in Philadelphia,Wrong. https://www.apartments.com/cost-of-living/austin-tx-vs-philadelphia-pa/,L,,
1.71044e+18,"according to Marca (left) &amp; diarioas (R)

Fede Valverde's goal vs Napoli had a power of +107km/h which is the RECORD IN FOOTBALL HISTORY üò≠üò≠üò≠üò≠ https://t.co/apohSZu05i","Although many contradictory statements exist regarding the fastest shot in football history, the official Bundesliga YouTube account has confirmed that Ronny Heberson‚Äôs free-kick against Hannover reached 119km/h.    https://youtu.be/QCSYkxbsZUc    Confirmation can be found in the video‚Äôs written description.",A,,
1.87843e+18,"@Telegraph Nephew of Hodge Phil Edmonds was taking pic of Madeleine #McCann his bro works for  BBC Savile &amp; Co.
Her parents remain prime suspects they neglected all 3 of their children why are they protected? 
Chris Bryant - child sex ed. for 9yr olds???? https://t.co/5oETID7TcE",There was no evidence of wrong doing regarding Chris Bryant.  https://www.walesonline.co.uk/news/wales-news/rhondda-mp-chris-bryant-among-8937399.amp    Discussion  was part of the discussion to establish the Sex &amp; Relationship education in schools https://www.bigtalkeducation.co.uk/rse-information-and-support-for-schools/sre-rse-history/      The claims in the photograph of Hodge are incorrect. https://www.theguardian.com/politics/2003/jul/06/childprotection.labour    McCann:  This is misinformation https://www.theguardian.com/politics/2003/jul/06/childprotection.labour,R,,
1.92607e+18,"My full statement on on 
@POTUS Trump‚Äôs approval of Nippon/@U_S_Steel investment: https://t.co/sJdntIa5QW","A Japanese company, Nippon Steel, is buying U.S. Steel. Although the company will keep its name, it will be foreign-owned.    &quot;U.S. President Donald Trump has approved a plan by Nippon Steel Corp. to acquire United States Steel Corp&quot;  https://mainichi.jp/english/articles/20250524/p2g/00m/0bu/002000c  https://www.politico.com/news/2025/05/23/trump-approves-nippon-purchase-us-steel-00368171  https://asia.nikkei.com/Business/Business-deals/US-Steel-deal-approved-after-17-month-saga-5-things-to-know",R,,
1.71438e+18,I CAN'T BREATHE ahahaha https://t.co/DQijW7FnpQ,"This image is AI generated. If you look closely the blue girl only has 2 fingers, one is clipping trough his dress and her elbow also has a duplicate rift on it. Also not to mention the watermak on the bottom and the misspelled &quot;Disney&quot; logo on the top https://www.reddit.com/r/TIHI/comments/16ryfvj/thanks_i_hate_disney/",A,,
1.84474e+18,Hidden In Plain Sight. https://t.co/uPJ8R6syR7,"The top picture has been altered digitally to look like a man.   Clear traces left from the original, e.g. not properly removing some of the long hair.  Bellow post has the original picture:  https://x.com/reddgarrfam/status/1844815508861829140?s=46",R,,
1.66721e+18,Please read this:,"Passing a constitutional amendment requires 75% of state legislatures to give approval. Currently, 28/50 state legislatures are controlled by republicans, with at minimum 14 states being extremely republican. Therefore any attempted amendment for gun control is dead on arrival.",R,,
1.90612e+18,"OFFICIALLY NOT A FREE-KICK.
WHERE THE HATERS AT #DieHatersDie #RIPBOZO  https://t.co/Afx9jwJ61O","Mbappe‚Äôs second goal against Leganes is officially counted as a free kick by Opta, the leading data provider for football, including competitions like LaLiga    https://x.com/sofascoreint/status/1906104729702191222?s=46&amp;t=azFw6uthXYeqAHBJP6SSRg (Sofascore uses data from Opta)",A,,
1.8718e+18,"An #IndianüáÆüá≥ immigrant, Panam Singh, got stuck in a ticket gate in #London while trying to travel without paying. https://t.co/eKsvYrWJS7","Misinformation!  This is an old video from Bogota, Colombia, January 2024. It shows a Colombian female passenger was caught on video attempting to slide under a fare gate at a transit hub.    https://x.com/dintentdata/status/1871862694006985174    https://www.dailymail.co.uk/news/article-13002411/colombian-woman-evades-transit-fare-gets-trapped.html    https://www.facebook.com/BarbonesOnline/videos/676253837747534  ",R,,
1.77213e+18,"Need this for the next home repair üéÅüî• Better Than Crazy Glue!
Get it here üëâ https://t.co/tupT7DGIAg https://t.co/nCxZwm5wKa","This video is a marketing strategy of a dropshipping outlet, which may get its products from platforms like AliExpress.    Be aware that there‚Äôs a risk that products may be counterfeit, unfit for use and lack legal safety compliance.    Here are articles regarding dropshipping:  https://www.bbc.co.uk/news/technology-53759932  https://www.vice.com/en/article/7kxepa/twitter-users-are-warning-each-other-about-its-junk-ads-with-community-notes  https://www.vice.com/en/article/4a3ak9/twitters-verified-scam-store-accounts-thrive-as-humans-flee-the-site",A,,
1.99368e+18,"Thanksgiving gas prices fall to lowest levels since pandemic, with nearly 30 states below $3 a gallon

https://t.co/KBj0y6wByu","It is not below $3, in fact in some places it‚Äôs $4 https://www.yahoo.com/news/articles/gas-prices-now-higher-under-100100745.html",R,,
1.90705e+18,Securing our borders for the first time in 4 years!! üá∫üá∏üá∫üá∏üá∫üá∏,This is a rebranded disinformation account who previously falsely stated to be a US veteran.      https://x.com/FluteMagician/status/1891146343181099174?t=eWn7Sld9-sdUA5OV-3zVHg&amp;s=19,R,,
1.96109e+18,Minneapolis shooter said she was 'tired of being trans' and moaned she'd 'brainwashed' herself into thinking she was female https://t.co/pAbl0qfuNY,Robin Westman was a biological male.    https://nypost.com/2025/08/28/us-news/minneapolis-school-shooter-robin-westman-confessed-he-was-tired-of-being-trans/,R,,
1.72902e+18,GTA VI will also include island part inspired from or actually be ‚ÄúCuba‚Äù https://t.co/VAAAMcncsg,The statement of this tweet is not based on any official information.    You can find all the informations regarding GTA VI on the Rockstar Newswire     https://www.rockstargames.com/newswire  https://x.com/RockstarGames,A,,
1.71536e+18,"Julia clashes with meteorologist Jim Dale who argues Storm Babet was made worse by climate change.

Jim: ""You've got to join the dots and look around the world!"" 

Julia: ‚ÄúWhy are we talking about this as if it‚Äôs some sudden new disaster?

@JuliaHB1 https://t.co/es9ztW60fJ",Julia made an incorrect claim about climate deaths. She conflated war and policy caused deaths with climate ones in pre 1980s data.  https://youtu.be/GKL8Ajefj7Y?si=3y8z-srGJ3ojSTEB extreme precipitation has increased according to IPCC AR6. ,R,,
1.95042e+18,"Animals are more smart than us.

The 5 beluga whales on the shore of Kamchatka, Russia. Local fishermen rushed to help, keeping them safe and cool for hours. When the tide returned, all five swam back to the ocean after the earthquake. #Tsunami #RussiaTsunami #Whales https://t.co/Zw2k9rTIUe","MISINFORMATION!!!    This is an old video, available online since at least 2023.     https://x.com/dintentdata/status/1950455568239571309     https://www.youtube.com/watch?v=0CkQVke_im4",A,,
1.63961e+18,"There are multiple videos of Kellie-Jay being assaulted. Women have become used to lies, threats of violence and outright denial of reality, but if you imagine anyone feels 'defeated', think again. Your men's rights activists showed the world exactly who they are. #LetWomenSpeak",Kellie Jay Keen was not assaulted. She had juice poured on her as an act of protest by the LGBTQ community in New Zealand. They did so because of Keen's prior anti-trans event in Australia had nazis showing up in support of her.    https://www.nzherald.co.nz/nz/posie-parker-tour-of-nz-anti-trans-activist-kellie-jay-keen-minshull-poised-for-rally/EOWRBWVHK5HY3KV4XJ7TECCE2E/    https://www.abc.net.au/radio/programs/abc-news-daily/lidia-thorpe-posie-parker-and-the-neo-nazis/102136482,L,,
,"RFK Jr has promised to stop ""the crime"" of ""chemtrails.

Does this mean it's not a conspiracy theory anymore?","Chemtrails do not exist.  In reality, the trails seen behind aircraft are contrails or &quot;condensation trails.&quot;  Contrails form when the hot, humid exhaust from an aircraft engine mixes with the cooler, low-pressure air at high altitudes, causing water vapor to condense    https://www.usatoday.com/story/news/factcheck/2023/04/14/fact-check-chemtrails-arent-real-arent-related-climate-change/11624336002/  https://www.space.com/what-are-contrails",R,1.83128e+18,1.83135e+18
,"BREAKING

The vote is in and we have forced the Liberals to:

- Stop selling arms to the Israeli govt,
- Support the ICC and ICJ,
- Place sanctions on extremist settlers,
- and much more

Every single Conservative MP and some Liberals tried to block it - they failed.",The note refers to Singh as a retard. That characterization is offensive to retards.    https://www.merriam-webster.com/dictionary/retard,L,1.7699e+18,1.76991e+18
,"@_aussie17 As Dr. Murakami noted, ‚ÄúWe found that as the number of doses increases, the peak of deaths appears faster, meaning the more doses you get, the sooner you‚Äôre likely to die, within a shorter period. So, the risk increases with more doses.‚Äù https://t.co/5j7yTTA2NY","MISLEADING    The data was presented in a livestream, without peer review or verification.    The data, whose source is undetermined, does not show type of vaccine, number of vaccinated or unvaccinated.    Its data actually showed deaths reducing after multiple vaccine doses.    https://www.techarp.com/fact-check/japan-vaccine-doses-early-death/    https://archive.ph/wip/9fA1M    https://archive.ph/FDzPP",R,1.9351e+18,1.93781e+18
,"Tucker Carlson: America started preparing for war with Iraq ""immediately"" after September 11th ""at the behest of a foreign government‚ÄîIsrael."" https://t.co/UQ0i6aDX31","NNN: It's a statement right or wrong.  Any arguments, agreements or disagreements should be in the comments.     Keep your political opinions out of community notes",R,1.97071e+18,1.97091e+18
,@BigPompaPomp @MistyStagnone @mbren266 @RepSwalwell @JDVance Jesus Christ you people are pathetic https://t.co/YpTjs8JsdZ,Archives of the original Facebook post confirms that the MAGA is authentic. The version without Trump on it is the doctored version.   archive.ph/KgVj0,R,1.97271e+18,1.97274e+18
,"üö®#BREAKING: More than half a dozen local police departments are refusing to assist with securing Donald Trumps inauguration.

üìå#Washington | #DC

Currently More than half a dozen local Washington D.C.-area police departments have announced they will not assist the https://t.co/qNXq3kdHf3","Misleading. It is unrelated to Trump.    The National Police Association responded to this story, saying it is from a &quot;long-standing dispute with Metropolitan Police Department (MPD) regarding use of force criteria. [...] The headline is misleading. It is not about Trump.&quot;    https://archive.ph/r5WqV",R,1.88036e+18,1.8805e+18
,I'm very uncomfortable about this. Sir Alan Duncan makes allegations of Jewish interests pulling the strings at the top of government. Leaves a very bitter taste,"In the clip Alan Duncan names 8 senior Conservatives as  supporters of Israel's West Bank settlements, only one of whom (Stuart Polak) is Jewish. He alleges Israeli state influence via Conservative Friends of Israel, but does not connect this to 'Jewish interests'.  https://en.wikipedia.org/wiki/Conservative_Friends_of_Israel",R,1.77582e+18,1.77621e+18
,"Donald Trump says the economy is ‚ÄúA+++++.‚Äù

Really? 
60% of Americans live paycheck to paycheck.
800,000 are homeless.
Food prices are at record highs.
Wages lag behind inflation.

God help us when we have a B+++++  economy.
https://t.co/KofYUEWxdb",The 60% paycheck-to-paycheck claim is from 2023. Joe Biden was president at this time.   https://ir.lendingclub.com/news/news-details/2023/Nearly-60-of-Credit-Cardholders-in-the-U.S.-Live-Paycheck-to-Paycheck/default.aspx ,A,1.99848e+18,1.99852e+18
,@MattWallace888 Lack of parenting skills and believing a woke agenda so not surprised by this sad news. It is mental health parenting mental health,"Being transgender is not medically a mental health condition.    https://www.nhs.uk/conditions/gender-dysphoria/#:~:text=Gender%20dysphoria%20and%20gender%20identity&amp;text=Some%20people%20with%20gender%20dysphoria,problems%20because%20of%20gender%20dysphoria.    Caring for you transgender child in a supportive and caring way, is not woke. It's respecting your child's human rights.    https://www.hrc.org/resources/transgender-children-and-youth-understanding-the-basics",R,1.75849e+18,1.75896e+18
,"Father Calvin Robinson finished his remarks at the National Pro-Life Summit by throwing an Elon Musk salute, much to the delight of the crowd. https://t.co/cAE9VyTsl1","This is what‚Äôs clearly a joking reference to the Nazi salute, preformed by Elon Musk.  https://en.m.wikipedia.org/wiki/Nazi_salute    It should also be noted that the damage these jokes cause has cost this man his job, as noted in the front page of https://anglicancatholic.org/  This is a serious matter and shouldn‚Äôt be defended.  ",L,1.88468e+18,1.88497e+18
,"REMINDER: Kamala Harris has repeatedly stated that she does not believe that illegal immigrants are criminals.

Vote to secure the border in this election 
 https://t.co/ScsPSXUYAP",This account is operated by Elon Musk and is not associated with the American government.    The real government of the USA's twitter account is @USAGov    https://x.com/usagov,R,1.8524e+18,1.8524e+18
,@DonaldJTrumpJr You have to be this much of a weirdo. https://t.co/5WVa1wJcbg,NNN clearly a response to a claim when both sides of politics believed the original hoax claim ,L,1.81763e+18,1.81795e+18
,"Israel is fighting Hamas, not the Palestinian people. https://t.co/BuHp9DOsRF",Israel has killed over 20000 Palestinians.    https://www.bbc.co.uk/news/world-middle-east-67764664.amp    https://www.aljazeera.com/news/2024/1/21/gaza-death-toll-surpasses-25000-as-israel-escalates-assault,R,1.78535e+18,1.78566e+18
,"Russian Security Council Secretary Nikolay Patrushev has accused the Anglo-Saxons of unleashing genocide against the Russian-speaking population in Ukraine:
https://t.co/3kJDqEQC0p https://t.co/f2xoIH1NaJ","Ukraine brought a case before the International Court of Justice re Russia's military activities in Ukraine. During proceedings, the ICJ found no evidence to support Russia‚Äôs accusation of genocide, and subsequently ordered Russia to &quot;immediately suspend military operations.&quot;   https://www.icj-cij.org/public/files/case-related/182/182-20220316-ORD-01-00-EN.pdf ",R,1.70486e+18,1.7051e+18
,"BREAKING: The Republican responsible for setting fire to Arizona ballot drop boxes has been caught. 

He‚Äôs the one behind burning ballots, trying to sabotage the voting process. 

Looks like his little plan backfired, and now he's going to face the consequences. https://t.co/nspQNZzs4o","NNN - Tweet refers to crimes in Arizona, not in Portland &amp; Washington. Proposed CN links information from Portland Police Bureau, which is irrelevant. ",L,1.85127e+18,1.8513e+18
,"The reason the Democratic Party is so soft on criminals is that criminals vote overwhelmingly Democrat ‚Äì they don‚Äôt want to offend their customers!

Democrat Party is literally the party of criminals.",Evidence from Doleac et al. finds that individuals with felony convictions in North Carolina register with the Democratic and Republican parties at similar rates. There is no evidence that individuals with felony convictions vote overwhelmingly Democratic. See Appendix A.4 https://papers.ssrn.com/sol3/papers.cfm?abstract_id=4031676,R,1.83063e+18,1.83075e+18
,Trump is Putin. Putin is Trump. Beating Trump this fall means beating Putin. https://t.co/2uUQaHVBLI,NNN. People even with average intelligence know the two are NOT the same as the simple laws of physics have shown two things cannot occupy the same space simultaneously. STOP ABUSING CN TO OWN DEMS.  This is why no one takes CN seriously.,L,1.76177e+18,1.7618e+18
,"Yet another Republican, Minnesota's former Governor Arne Carlson, endorses @KamalaHarris.
https://t.co/9iHR1bE3gk","Arne Caflson endorsed Obama in 2008, Clinton in 2016, and Biden in 2020.    https://en.m.wikipedia.org/wiki/Arne_Carlson",L,1.82998e+18,1.83004e+18
,"Oh great, the UN's Monusco mission needs more time to bring peace to the DRC üôÑ. Because, clearly, 20+ years isn't enough ü§¶‚Äç‚ôÇÔ∏è

They're working on peace! The peace they're working on üëáüëáüëá https://t.co/clqxork7DP",The video in question happened in Israel as reported by BBC who; sought UN's spokespersons comment on the gross misconduct.  https://www.bbc.com/news/53191444  ,R,1.95157e+18,1.95173e+18
,"üö® SIGNAL SCANDAL:  Katherine Maher, the leftist NPR CEO, is currently the Chair of the Board of Signal!

WHAT ARE THE ODDS? https://t.co/jWNTeAt3Jz","Context: The odds could be extremely high or low, depending on the specific variable being implied.    https://en.m.wikipedia.org/wiki/Odds",R,1.90523e+18,1.90645e+18
,"Projected DOGE savings now near $110 billion, or over $700 per American taxpayer.

And we're just getting started... https://t.co/U2Jj77FcJv",The figure under ‚ÄúD.O.G.E. CLOCK‚Äù on usdebtclock.org is not a tally of actual savings achieved by @DOGE.  It is how much DOGE would have needed to save by now to meet their stated goal of saving $4 billion per day.  https://www.usdebtclock.org/sources/Doge-Clock.jpg    DOGE‚Äôs own estimate is only $55 billion and is inaccurate.  https://doge.gov/savings  https://x.com/electricfutures/status/1891898336208105676,R,1.8919e+18,1.89203e+18
,"If this is photoshopped, community notes will say so. I honestly don‚Äôt know if it is, or isn‚Äôt. https://t.co/SI4SjYS7AW","The Fox News photo is real, but the tagline has been digitally altered.     The actual caption reads ‚ÄúUNC police release picture of person of interest‚Äù, and describe the suspect as an ‚ÄúAsian male with close cropped hair‚Äù.     https://www.foxnews.com/us/unc-chapel-hill-police-reports-shot-fired-lab-building  https://youtu.be/c6famkftt6Q?si=x8tCQ__Krfllgt0I",R,1.69634e+18,1.69639e+18
,Ukrainian president Volodymyr Zelenskiy compared Russia to the Islamic state after a video emerged allegedly showing Russian soldiers beheading a captive with a knife https://t.co/RkSFjUh485 https://t.co/5Z3oszFebG,The tweet is the summary of the embedded video.,A,1.64615e+18,1.64629e+18
,"Since 2007, GDP per capita has grown by 10.5% in Scotland, compared to 6.3% UK-wide. Scotland can and will be a successful independent nation.","From the Office for National Statistics:  England: ¬£40,382  Scotland: ¬£37,192  That means Scotland‚Äôs GDP per person is around ¬£3,200 less than England‚Äôs in the most recent available data.  Source: ONS https://tinyurl.com/4y9aatdd",L,1.94477e+18,1.9448e+18
,"Civil servants were ‚Äòin tears‚Äô after Brexit vote, says Lord McDonald 

They have never been impartial and its no shock to see the civil servants crying 

Most of them are Oxbridge educated mummies boys who are repulsed by the working class",There is no reporting on the % of civil servants went to Oxbridge. Most implies 260k+ Civil Servants are Oxbridge graduates. This is 100% of all graduates over a 10yr period. In reality 6.7% of Cambridge &amp; 2.1% of Oxford graduates go into civil service.   1850pa out of 500k  shorturl.at/hEUW7   shorturl.at/dn135 ,R,1.70113e+18,1.70124e+18
,JUST IN - Hunter Biden tax charges dismissed by federal judge in Biden's home state Delaware https://t.co/rHv0zQu7pW,NNN. Post is correct and context is found in the attached image. https://communitynotes.twitter.com/guide/en/contributing/examples,A,1.69231e+18,1.69237e+18
,"I didn‚Äôt expect to get asked this on my Saturday morning coffee run, but I‚Äôm clear about where I stand. It‚Äôs an issue of fairness and we need to protect girls‚Äô sports in our schools.

https://t.co/YODLDQ3csP","According to various articles including one linked from Scientific American, trans girls have no unique advantage in sports https://www.scientificamerican.com/article/trans-girls-belong-on-girls-sports-teams/",R,1.38859e+18,1.3887e+18
,"üö®FAKE NEWS from NBC: White House Officials confirmed to me moments ago that Mexico accepted 4 illegal alien deportation flights yesterday. 

Mexico has also accepted tens of thousands of land returns on roadway and on foot.

This is FAKE NEWS and needs a correction immediately. https://t.co/5W32vSBKx5",A White House official said in a text message that ‚Äúthe flights thing was an administrative issue and was quickly rectified.‚Äù    https://www.nbcnews.com/politics/immigration/mexico-refuses-accept-us-deportation-flight-rcna189182    The WH press secretary confirmed that 4 deportation flights had landed in Mexico    https://x.com/presssec/status/1882979402176503888,R,1.88296e+18,1.88311e+18
,"‚ùå We are witnessing a radical change in the circumstances &amp; Washington's attempts to undermine fundamental principles &amp; understandings underlying #START Treaty.

‚òùÔ∏è We will continue to exchange notifications on ICBM &amp; SLBM launches w the US.

üîó https://t.co/eeValWQbzF

#UNGA78 https://t.co/qNQbjtjT5i","Analysts say Russia's move means it will become more difficult to verify continued compliance with the treaty.    In his speech which announced the suspension, Putin referred to NATO support for Ukraine, and claimed the West was seeking a ‚Äústrategic defeat‚Äù of Russia.    https://www.reuters.com/world/europe/putin-russia-suspends-participation-last-remaining-nuclear-treaty-with-us-2023-02-21/    https://www.theguardian.com/world/2023/feb/21/putin-russia-halt-participation-new-start-nuclear-arms-treaty    https://carnegieendowment.org/2023/02/28/method-behind-putin-s-new-start-madness-pub-89161    https://twitter.com/baklitskiy/status/1627982732935536641?s=20",R,1.69947e+18,1.6995e+18
,"üö® NEW: A major MRP survey shows most Brits back closer arrangements with the EU rather than more transatlantic trade with America

[@guardian / @YouGov] https://t.co/MPI4JC348e","NNN, the poll is from an article published on Jan 25th (so new), the CN provides no link to support their claim.     Although DJT wasnt in office at the time the poll was carried out he was president-elect ",A,1.88324e+18,1.88335e+18
