post_id,full_text
1763796074433519776,"Ramanujan: It came to me in my dream.

The dream: https://t.co/LYO12SYPNh"
1939843576579727868,what. what. what do you mean. https://t.co/misD7GMXNY
1751642592150790423,"@RealAlexJones From The Beginning InfoWars Reported On Covid HIV

https://t.co/3TFBvNWGda"
1777567401313177967,"This one community noter on a power trip is causing 90% of the issues with Community notes.

@rt7683 needs to be reported and removed from the Community Notes program."
1698355107077796091,"I‚Äôve said since day 1 that I believe we revisit 2019 pricing and that‚Äôs the low. 

What if my target is way off?!? What if we see lower?!! ü§î

Thoughts? https://t.co/XWRZMaL3CN"
1971663313256976695,"Yikes: The Steelers have gone viral for not flying their players first class for their international game in Ireland.

Most NFL teams make sure their players sit in business or first class.

Especially for international flights... https://t.co/dxWQ7nITA3"
1831111416172142705,@RpsAgainstTrump 1999 Political ad for John McCain can you spot the place? https://t.co/DeWREtmmzZ
1907410804703474081,"JUST IN: Democrats Hakeem Jeffries, Chuck Schumer, and the DNC have filed a lawsuit against President Trump to stop his executive order banning non-citizens from voting in U.S. elections.

Now, why would they do that? https://t.co/3Yn6BmQmmh"
1673428147650326528,Fanaticism is always a function of repressed doubt ‚Äì Dune
1917696101433630899,Trump: Grocery prices are down. Gasoline prices are down. We had some gasoline selling for 1.98 just recently in different states over the last two days. https://t.co/GPjRAFa0JQ
1829709841113268230,saving him for later at peak freshness https://t.co/zqTp3qhIf5
1936903790919324049,"In case you‚Äôre confused the next step is-

After Iran has launched such an evil and violent ‚Äúunprovoked‚Äù attack on US military personnel we have no choice but to put boots on the ground.

Give it a month or two. Probably less."
1768353590375039128,Already testing the Windows 11 build. The video shows an updated sync screen with a duration forecast and detailed info about consumed resources to suggest which hardware upgrades can help. Recorded on a high-end Windows laptop with 1 Gbps Internet. Full sync takes just 9 min. https://t.co/352c4eQCxm
1757817784728158411,@DeborahMeaden It's just the usual remoaner nonsense Debs https://t.co/wuhmbfOmyw
1970117604648821036,"Jack Smith just got banned from courtrooms nationwide by the American Bar Association.

‚ÄúWe have ethical standards that he broke when he planted evidence at the illegal Mar-a-Lago raid.‚Äù

This hack has no business practicing law in America.
Justice is finally catching up with the https://t.co/pmIFYU2AmD"
1851307760555581490,"Sayyed Hassan Nasrallah, most likely in early 1980s when Israel invaded Lebanon. https://t.co/yYYFY0wofC"
1871434695017107589,America is so fucking back https://t.co/8pOGlpZ6EO
1743889006906265995,"üö® An agreement with Palmeiras seems imminent as Barcelona already have an agreement with Estev√£o Willian. The player likes the aspect of playing for Bar√ßa, the most, over any other European team. 

Around ‚Ç¨50M fee could be paid in instalments + variables. https://t.co/MHsSe6UAwB"
1944810899685953552,"There‚Äôs a legal term for what the autopen people did

It‚Äôs called forgery

And it means everything signed by the autopen is invalid"
1979330146432631167,"Why is it that among all the K-pop idols and actors who attended the WKOREA event, only BTS members were attacked and dragged into a non-existent drama?

You‚Äôll find your answer in this video.

This video shows all the celebrities leaving the venue after the event ended ‚Äî yet you https://t.co/gqf9HfUN7w"
